,word
0,bcaaddaabdcdda
1,dacdeaeb
2,aae
3,ebcbdaeadabced
4,ecdaeabead
5,bcaecbeeeeddba
6,eabdabeaca
7,da
8,baedccda
9,debc
10,cbeb
11,aedaaacbab
12,dbededeed
13,cdcbbdcbdb
14,ecbcabe
15,abebdaebcadab
16,ccecdedaae
17,edebda
18,dbb
19,bbbbeb
20,bac
21,acdacaeccdeaa
22,caaceadcaa
23,baaeeeed
24,c
25,cbab
26,a
27,dbceabedd
28,bdab
29,bbaeeeabbdacbb
30,b
31,dababb
32,ceaba
33,bdbebdabddcb
34,adce
35,ecac
36,baab
37,dbcabeecceab
38,caddcbdcdc
39,bebeb
40,cecedcaaecaddb
41,deebcebccbbb
42,be
43,abcb
44,dbecbebee
45,ccbcbcaddca
46,eaa
47,e
48,eaad
49,bbbbaebabab
50,ceedbbdbc
51,dc
52,acceeca
53,eace
54,eededecaba
55,cdbeeeeaabdbe
56,cecccedaeecceb
57,aadddcdbceccbc
58,eedeceaadad
59,ebeccdebce
60,dacecdae
61,ac
62,ab
63,eada
64,cddcbad
65,dcc
66,aecdcbadbcbcca
67,abacbb
68,dbbcbcbdea
69,dceeacd
70,dadecdcd
71,dedddbbacdcde
72,cdcdeeeadbae
73,bcbddeedbd
74,bddedcebb
75,becdbdcdac
76,ecdcdbec
77,edcdddbeeeae
78,bdaacedde
79,dddcaed
80,cbba
81,dbe
82,aaecb
83,cdbddbeced
84,ae
85,debbd
86,eeaceaadacaeecb
87,bbeda
88,ceaaac
89,dedeceaddcceed
90,aedccebdcbedb
91,cab
92,aecd
93,ddaaceda
94,eceeacbdeaaa
95,eacedadda
96,caebade
97,dbbcd
98,cbceaeebddaaa
99,bdbedaacbdaba
100,d
101,ebcc
102,dbcbeaadaadac
103,dceeec
104,edabdbdda
105,bcadccca
106,cedddca
107,baae
108,dbc
109,dea
110,abcdeba
111,cdeddbeebbaded
112,aadcebceac
113,baedebc
114,aaeeaed
115,babaebebbadbada
116,eadacecce
117,aaadaacdeb
118,dabcadec
119,abaecaabbb
120,ebabacbde
121,aeccbdcbd
122,daeadebaaedbe
123,cbeece
124,cbcdaae
125,ecadaacebacacbd
126,eaacbaecacebda
127,aedeeab
128,bdbecad
129,ceecadddeced
130,cbebceeaebcbdd
131,adddbdce
132,dabd
133,cdecaecce
134,db
135,aadacacbbaccb
136,ebddbaaabcece
137,adabcbeadbdae
138,abbcadd
139,edaacadddeadebb
140,bbcccbbea
141,dadbaabeceae
142,badbeb
143,cebaecceeadc
144,ace
145,dacaabecc
146,cbabdbabcea
147,ecdeacae
148,cadaabc
149,baceddcdadcb
150,ebbdcaddaaacde
151,ddcddea
152,ddebca
153,dab
154,abdecaca
155,ddcdebeac
156,beccdcddcaed
157,acececbceecbb
158,adcecababcdbbab
159,cbbdebbecdcdbab
160,ceaea
161,debaab
162,dcacadecd
163,ecacabacaabdc
164,deddddbce
165,aeaecaed
166,eedc
167,edcbdaccbaacabb
168,ec
169,cdcbadceaedd
170,eaeabbebb
171,caabcbeadbad
172,deb
173,ecbc
174,edcaeeabdedbc
175,ccbaccbcdebeb
176,ccbbddaccd
177,decbdbddebabce
178,bdaadaabedca
179,ccbbeebedccaae
180,eeedcc
181,ddebbdecd
182,bcedaadebccebe
183,cbca
184,edececcbddb
185,adaaaacddceacc
186,adcdabdcedabc
187,cdddeeceaeaeda
188,ceaee
189,bdbecebce
190,ddbacaec
191,aaabd
192,cdabaaabecb
193,eecaeaceaadcab
194,ebacabdecc
195,bddcbeceed
196,ebceea
197,adaa
198,babadccdbbe
199,cedcdeddbbdbaaa
200,ecebdacadebcca
201,ebdeabcadbeaac
202,bdaecbcddc
203,dbcdbadcade
204,edebdcb
205,deaddd
206,eee
207,ada
208,aaa
209,aaddbeab
210,aedababbedcce
211,dbecdbdbec
212,eebdeeadbeaead
213,cdeaaceaaabd
214,dbdce
215,eecbebedad
216,cec
217,dceb
218,bacdda
219,eeacae
220,eea
221,bdacceddceddcd
222,dabeaceabad
223,dcdeeaabdaaccbe
224,bcebbe
225,eebcbeebbce
226,deedebbebe
227,caeababbcbd
228,ebeda
229,acbeacbaaadca
230,cbae
231,dcd
232,ddeedeacceacdba
233,ddbeeaaabedddbc
234,aeecbedecadcbc
235,ceebdccdecccbca
236,bbdbcacdace
237,cbdcad
238,caeabddedabeeae
239,aeaebcca
240,cabdb
241,bbddbbebebadcc
242,becdccce
243,caeecbedcdabd
244,ebccdabe
245,bb
246,dddaec
247,cc
248,cebbad
249,edcdeaaaecbd
250,bbcedabeed
251,caeeeacdbbc
252,decdb
253,abddbeadccaaedc
254,ccdcea
255,ccbbd
256,abcaaeadbbe
257,ecaeae
258,decebacaedd
259,eaaabbbdcdde
260,bedaddcaa
261,caecaedbbc
262,bbbbdeedcdae
263,eed
264,cbdbdecccaceacd
265,bdbceebdb
266,ba
267,aabccdcbced
268,dbedcebaaeec
269,eadccddad
270,aaed
271,aaeebcd
272,ebceddbcebd
273,ddabedabedd
274,bebdbcaddc
275,bdabdbbdacdabb
276,bdaaedbadeadbbc
277,aceeaeeeda
278,bcbebde
279,aeddabacbeacccc
280,cbc
281,bdcbea
282,eccecdabcede
283,beabdca
284,aacbddb
285,deaa
286,eaebdcadcdbdaa
287,beeabbb
288,baca
289,bdbabec
290,ceccbddccacc
291,bacbadabcaea
292,aabecc
293,ea
294,eadcdceabceca
295,baecece
296,dda
297,bdcbbdcbd
298,bedae
299,dcdad
300,ebcabbacbd
301,ccdbcddc
302,dbabeebc
303,beceaddac
304,cb
305,eaeb
306,ceddccda
307,ddadaedcce
308,aeaeb
309,ebae
310,eaedbedddca
311,dbcbbcadeddead
312,aaeccbcdbac
313,ededac
314,adacecee
315,dbcbdaceb
316,ddbdab
317,ddbdede
318,aecddccecaaaa
319,ccceeb
320,bdedbdbbd
321,eeeccbbcbecbed
322,adbcabeddade
323,dacaabcdaec
324,ccdabcddea
325,ebdada
326,aebabdbcccbcddb
327,baebcbebb
328,aeeeabeababa
329,eaaaabebabbd
330,eb
331,caeaec
332,dceaeecebdbedcd
333,bcbabccb
334,eedacaecac
335,aadced
336,ceeee
337,cdceecacbdc
338,eeaeddbac
339,ddbceddc
340,bbdaecaa
341,ceecbddbbdbe
342,daadacddcacccbb
343,debbaaacce
344,caaeacaeecceca
345,bcdbe
346,cbbebdddbb
347,eeddded
348,aeabccaedc
349,ceddbdcabeb
350,aea
351,acecc
352,dcaa
353,acbbdccdde
354,beabc
355,cdaeeeba
356,eecdccecb
357,cdddcaa
358,dbdbababdcc
359,ecbeecdedddddeb
360,adadebedcb
361,adb
362,abcab
363,ebdcaaedacb
364,bc
365,ebde
366,cdedbaccedcbad
367,caaddcddcd
368,edcedbbeecabe
369,dcdcbdaabd
370,badabbacdaaece
371,deeeeebaebdaeec
372,dcdbabacdb
373,daddbbebdedcdbd
374,bbddea
375,abdecaceec
376,ecdbcbeaccbd
377,caebb
378,ecaccadeebe
379,ddceeabdaeed
380,eeeabcbbbd
381,bbdeacecb
382,eabe
383,aebbcbccbeabbc
384,ddbbdbbcdaedb
385,baaaecaaceebc
386,eacb
387,caaeddecacbea
388,dddaecdc
389,ebadbccaacaedc
390,aaccc
391,bcbdccddacdc
392,edcedae
393,adcdebd
394,dacbbbababeb
395,dabddcbca
396,beebcccacb
397,bbdcddcae
398,edbcb
399,bacd
400,cdcddcb
401,aedccbeea
402,bcebceaaabbdd
403,bacceabeaab
404,cbaadbabbbb
405,ccdaa
406,ebbcebeebddc
407,bbbaedabbe
408,eeccdddad
409,bcadeb
410,addecac
411,aabdbbaccd
412,dcabe
413,eadaea
414,acabeecaccb
415,cbbdedcbbca
416,bbdb
417,cbbc
418,cdc
419,bcbeb
420,cdadbecaeabbbdc
421,cdebbdacaedccae
422,acaae
423,bddad
424,ee
425,aadcecbaecdbdc
426,bdecbaead
427,ede
428,ceabdbadbe
429,dabb
430,debeac
431,dbeba
432,acaccaaab
433,ecacadaeda
434,dbcbdbaeccbdce
435,acbcdbc
436,bbda
437,dcccdcbcbbabac
438,ceaddab
439,eccbaecc
440,ddbecabac
441,dbcdeadeae
442,deadaed
443,badbccbedbacca
444,edeceaead
445,abdddbbcddb
446,eadedcbbeaacc
447,bcadcadcdd
448,bebdceaa
449,dedb
450,acaabccbdddc
451,cdedbcbeda
452,edeab
453,aceadcebaaadbe
454,acbacab
455,aadecbcedc
456,dabcd
457,aabecbac
458,ddecbcaace
459,bcaed
460,eba
461,baaacdea
462,abaceabaa
463,adcdcbe
464,bbdbc
465,bedcaeddda
466,cabccee
467,ddaaa
468,abe
469,baceeeccdddddbb
470,bddcaaac
471,cdccbeebcbb
472,dbabdeccbcd
473,babecbedbacbbb
474,dbaacdebccbd
475,eccebceeeada
476,cdbaaead
477,debcdbcdbabdaca
478,bd
479,cebcaebdbaebcda
480,eeeedebd
481,ccdbcddeb
482,cadbcbeebd
483,aaacdee
484,aa
485,baaeeee
486,cbebce
487,eaddac
488,ededeabdc
489,aecaeedbcde
490,cbadadecedbacee
491,cbbaabdacd
492,ddaaaeacbcaab
493,cbcecd
494,cbeeadcbcac
495,cedbcbaddcebabe
496,bedcedeae
497,cdcdb
498,ddaceabdaaedd
499,ddecabbace
500,dbdcadedec
501,bce
502,dca
503,eeaceddaad
504,eceebcbecddcab
505,dd
506,aee
507,ceeddcbdbccce
508,bda
509,eaaebe
510,cbdde
511,bddbaaacecbcabb
512,aedcbbddaac
513,decceadbc
514,ccdabbbbbcebe
515,eacadcbceecc
516,deaceaa
517,bedeaeeaa
518,ceee
519,cdadbaeacdc
520,cacbcb
521,debdddeedaaeab
522,ddddedaaecd
523,eeadeececdbd
524,ecbedababaeedcd
525,dcccaedcebeddba
526,ccbdcdd
527,dadcabcedabedae
528,cbaa
529,dcecd
530,eaacddccac
531,dcbdbbbdda
532,abbcaecbdccd
533,edc
534,cacdbdcaeddbda
535,cbddcddacc
536,ebcbadae
537,accaecedac
538,edabbccb
539,cdacb
540,bbeabdebedddda
541,dbecaebceb
542,adccdcadae
543,aaceace
544,ddddbacb
545,eebedeeabceaac
546,eebbedb
547,bbbabbacbaede
548,aedcccbac
549,deeccca
550,ebebecedcbda
551,cecacad
552,bceeed
553,bbe
554,acaab
555,edacbd
556,dbbcabdbbcbcbde
557,bcdcbaedcacbced
558,acccccaecec
559,daeca
560,bacdeacebbea
561,cdbacaacdecdc
562,edbdaceeca
563,cabbaaabb
564,dccababcdba
565,cdaeac
566,daecedcbdadcb
567,dcebbbadecdcc
568,eccdbcee
569,abdabbcebada
570,becbbedeba
571,deaebbcadcaa
572,eacebdd
573,adcbe
574,ebaebeaeadebc
575,ceeeea
576,dcebacaacadaedd
577,dadbcebcbaae
578,eebcb
579,bacdbd
580,cdeaddeecd
581,caaeaebbdca
582,bdabdb
583,ebcaacadae
584,eeacadabccc
585,beddacbcca
586,cedabeaedbaee
587,aece
588,adcd
589,bbbbbbadaccb
590,acecdaccabbeac
591,aeedeabedeeaeee
592,eaabcedcddbbb
593,eeccc
594,dcbdcdebdeecc
595,ed
596,adcadbcbcebed
597,ecabd
598,aabeedcbade
599,cbaaaedcbab
600,aadce
601,acbbed
602,eccbbec
603,cbcac
604,aebacdcb
605,bed
606,dbcadcbadacaa
607,bbddedceae
608,bcaa
609,cbdbd
610,cdedebbec
611,acbcebcdca
612,adad
613,eeecdabccee
614,cdcccdae
615,bcbbddeb
616,cadabddaacd
617,bebdcbac
618,ccabeaceeccabe
619,ebacdcbcdabde
620,ccbeabbcadcb
621,dcde
622,abcdcbacb
623,beeca
624,add
625,cacbeca
626,ddbccb
627,aeccaecbbd
628,edaeac
629,deba
630,caaca
631,acdcabc
632,cbbca
633,adcbaecbbcadbed
634,cbceecbac
635,aaebdeebceeeee
636,ededdabdbceabbc
637,addddbbdcab
638,daeecdbbaeea
639,ecabcbdcaed
640,abb
641,dcacbeedcba
642,aacbbaedeabeadc
643,adddeacbec
644,acea
645,caacd
646,acebeedceabbbdc
647,abbeaee
648,cedcd
649,aacacebaab
650,ceabbcecbedc
651,bdbbab
652,ccccabbbabbed
653,bdeddde
654,acaeaaee
655,aabbaaeeecacd
656,eeccdddcedebcca
657,aaaadddec
658,bbacabeeda
659,deedcdbcebce
660,edb
661,cdcdbdcab
662,bbdabacacedaee
663,cadbbcabce
664,eebbcae
665,bceeaacedbbceb
666,daeeceedddedcaa
667,abdbbccabeaacba
668,ade
669,becddbcdbdaae
670,aecaaedebd
671,eaabbddd
672,ddd
673,cabaccae
674,deadaddb
675,dbebbdacbccec
676,bceaccdaebcdddb
677,ecbdcbbadcbaaea
678,cbdb
679,ded
680,ebbecba
681,bdaddbddbdcdda
682,ecdbdddeeb
683,deebedaecad
684,acadce
685,dddedaaed
686,accaadadeddcbe
687,cdcbeabecceb
688,aebbccddcebbe
689,dcaeaeecbedeceb
690,cadbaccbce
691,dcdbbaebe
692,eedaddadeeda
693,debaeeceade
694,bebbebbadc
695,bddeddecade
696,ccadac
697,beebaadbdddbbda
698,dcbcb
699,cbaecdbdebaba
700,babababdaade
701,ebbaabbcd
702,bdacacceaabe
703,cecccacbeeccaae
704,caebcbaecceace
705,ddbbaaccbaaa
706,acecce
707,cbbabddabdcdcd
708,eecdcb
709,bbdbcbabeccbd
710,cdddcaabd
711,ebbcabbbcea
712,cdedaedabdaabad
713,ceeedbdc
714,bbbeccbbcac
715,ccbbcba
716,eaecdec
717,acbedcba
718,cbceeabccaacaaa
719,eceebadd
720,addbdedba
721,cceb
722,ebaeb
723,ebaaabaecaddcdd
724,ccaaabe
725,bbaaedcabbae
726,eebdeaebacedb
727,bbb
728,bdbaeccbcadc
729,dedebaccdd
730,ddedacdcbddaeab
731,edccdbeddedb
732,ccacb
733,aad
734,babeeadeaa
735,dbdb
736,adbaebebb
737,bbabbdccbccdde
738,beca
739,bbabeebebdeedc
740,aecaa
741,adeea
742,cbaaebdbebdcdc
743,cbcadeacdecc
744,dacbbc
745,bdbae
746,acaeca
747,acebeeebadca
748,aba
749,dcabebadebbc
750,adaecdde
751,dbccecdbae
752,cedeeadebedadd
753,cecdabdaeacbc
754,cabaabdddac
755,baaa
756,bcdcabbaddcc
757,edbcadcbbad
758,bdcdecacddabdb
759,cabdccacedcbdb
760,dedecbababcd
761,bbdedcacdbeb
762,eaecedbcbaec
763,eacdaaebebacc
764,eedbdbca
765,aabbacbdbd
766,cae
767,bebeebdcdaebdad
768,bebe
769,daceaebbcee
770,ceae
771,cbabd
772,abedaabce
773,baabeacccbeba
774,aabdbac
775,decade
776,bcdaabdbd
777,dedbaa
778,aeea
779,cebaebadaec
780,adaeece
781,dcbcca
782,ecaedcedebeaaeb
783,bcab
784,deeba
785,dcdbeadabbbdd
786,ddbbbcbe
787,aabcebcacbbcb
788,dccedabcabdde
789,babaccbc
790,bdeaebdcad
791,baaeebedacdeaa
792,ecd
793,bacaecbec
794,bebeaecaadabdb
795,becabaaad
796,eccecddaeace
797,aebccaabdebbec
798,dedaaeeaaabc
799,ddabaeec
800,aaddaacdae
801,cdab
802,abeeeeebee
803,baedeec
804,babbabc
805,ddbcccaceeeee
806,becaaaabeebdab
807,bbacbd
808,ddeedcdebde
809,badabeae
810,dcaaccbde
811,ddbaddaeab
812,cdea
813,eedbddbd
814,eedede
815,becbeacaa
816,ce
817,ecabeabbaec
818,accebcbbaa
819,ecaeecdddc
820,cbbba
821,ebecb
822,ddbdcaeadaa
823,adabdcae
824,ddabbcebeadb
825,daadbbecbcac
826,bdddeacd
827,bedd
828,cbbbb
829,aeadbbdeb
830,cdded
831,cdedbaeaeae
832,dddcac
833,bccbabdc
834,aabadacabcde
835,edbabceec
836,ccdbbcba
837,aaceadbbc
838,baee
839,abaded
840,debcaaecbdcac
841,cdcadaaeb
842,bdcaceaa
843,bdacabcaecae
844,ddeeddcea
845,bececaaecade
846,ebeedacdc
847,bcca
848,adecc
849,ecaadcdea
850,cabccccddcea
851,bdcecbdaacd
852,cdbdadeacacbeb
853,dace
854,aadedcac
855,cbac
856,eccdabc
857,eaadddd
858,edcdceddeceadb
859,aeecaecd
860,cedbcdaddec
861,acccbcea
862,ccdde
863,caebdbcaecb
864,cbddbbaeacaedd
865,bceb
866,edabaacdca
867,ecbecdb
868,adacbcbabb
869,deceec
870,eeebcabd
871,bdeccbdbd
872,bede
873,ebedabdbbab
874,cdccebbcdacdbd
875,eabd
876,eacee
877,accbcaeadabb
